Teacher_ID,username,password
T001,T001,9593
T002,T002,4663
T003,T003,5305
T004,T004,9841
T005,T005,2561
T006,T006,1471
T007,T007,7606
T008,T008,6590
T009,T009,4324
T010,T010,2597
T011,T011,9766
T012,T012,1316
T013,T013,5192
T014,T014,9307
T015,T015,3219
T016,T016,1284
T017,T017,3698
T018,T018,6668
T019,T019,5079
T020,T020,9321
T021,T021,7521
T022,T022,5126
T023,T023,2656
T024,T024,1059
T025,T025,7478
T026,T026,7448
T027,T027,8596
T028,T028,8689
T029,T029,4075
T030,T030,8003
T031,T031,2650
T032,T032,5278
T033,T033,1984
T034,T034,4374
T035,T035,2516
T036,T036,4656
T037,T037,1416
T038,T038,4902
T039,T039,8080
T040,T040,7630
T041,T041,3096
T042,T042,2294
T043,T043,3768
T044,T044,3866
T045,T045,5248
T046,T046,3127
T047,T047,3657
T048,T048,6710
T049,T049,8732
T050,T050,8300
T051,T051,8189
T052,T052,8666
T053,T053,6826
T054,T054,6355
T055,T055,5507
T056,T056,4245
T057,T057,7375
T058,T058,1262
T059,T059,2528
T060,T060,7401
T061,T061,3219
T062,T062,3005
T063,T063,9062
T064,T064,4265
T065,T065,1109
T066,T066,4361
T067,T067,8475
T068,T068,4901
T069,T069,2307
T070,T070,3061
T071,T071,9967
T072,T072,6259
T073,T073,9449
T074,T074,6554
T075,T075,8010
T076,T076,5412
T077,T077,3308
T078,T078,7003
T079,T079,3468
T080,T080,8575
T081,T081,3674
T082,T082,2549
T083,T083,3046
T084,T084,5841
T085,T085,7940
T086,T086,5761
T087,T087,1496
T088,T088,2287
T089,T089,3969
T090,T090,1665
T091,T091,5177
T092,T092,2112
T093,T093,6643
T094,T094,5613
T095,T095,7295
T096,T096,4871
T097,T097,8224
T098,T098,3258
T099,T099,7388
T100,T100,3225
T101,T101,1250
T102,T102,1114
T103,T103,8006
T104,T104,2381
T105,T105,6768
T106,T106,1848
T107,T107,6541
T108,T108,5162
T109,T109,8581
T110,T110,7447
T111,T111,7441
T112,T112,7084
T113,T113,9054
T114,T114,7239
T115,T115,9547
T116,T116,5957
T117,T117,8216
T118,T118,1704
T119,T119,9668
T120,T120,6566
T121,T121,4254
T122,T122,2283
T123,T123,7266
T124,T124,9620
T125,T125,6642
T126,T126,8521
T127,T127,9137
T128,T128,6114
T129,T129,7282
T130,T130,2059
T131,T131,4326
T132,T132,8013
T133,T133,8696
T134,T134,1669
T135,T135,8428
T136,T136,8849
T137,T137,4897
T138,T138,2025
T139,T139,4003
T140,T140,6917
T141,T141,6040
T142,T142,2587
T143,T143,7933
T144,T144,2942
T145,T145,6651
T146,T146,4878
T147,T147,2392
T148,T148,1507
T149,T149,4815
T150,T150,4394
T151,T151,8740
T152,T152,7848
T153,T153,8661
T154,T154,6929
T155,T155,1678
T156,T156,3576
T157,T157,6283
T158,T158,1237
T159,T159,1493
T160,T160,1012
T161,T161,1234
T162,T162,2132
T163,T163,7917
T164,T164,6950
T165,T165,2795
T166,T166,7437
T167,T167,1253
T168,T168,7967
T169,T169,9671
T170,T170,4061
T171,T171,7268
T172,T172,6280
T173,T173,2212
T174,T174,7561
T175,T175,1085
T176,T176,8937
T177,T177,7486
T178,T178,5772
T179,T179,1720
T180,T180,5608
T181,T181,3141
T182,T182,7147
T183,T183,8132
T184,T184,4720
T185,T185,1400
T186,T186,1448
T187,T187,1360
T188,T188,9957
T189,T189,5196
T190,T190,5742
T191,T191,4206
T192,T192,6223
T193,T193,9393
T194,T194,5407
T195,T195,6053
T196,T196,5661
T197,T197,4951
T198,T198,2937
T199,T199,8116
T200,T200,7783
